id,label
subject100,0
subject100,0
subject100,0
subject100,0
subject100,0
subject100,0
subject100,0
subject100,0
subject100,0
subject100,0
subject100,0
subject100,0
subject100,0
subject100,0
subject100,0
subject100,0
subject100,0
subject100,0
subject100,0
subject100,0
subject100,0
subject100,0
subject100,0
subject100,0
subject100,0
subject100,0
subject100,0
subject100,0
subject100,0
subject100,0
subject100,0
subject100,0
subject100,0
subject100,0
subject100,0
subject100,0
subject100,0
subject100,0
subject100,0
subject100,0
subject100,0
subject100,0
subject100,0
subject100,0
subject100,0
subject100,0
subject100,0
subject100,0
subject100,0
subject100,0
subject100,0
subject100,0
subject100,0
subject100,0
subject100,0
subject100,0
subject100,0
subject100,0
subject100,0
subject100,0
subject100,0
subject100,0
subject100,0
subject100,0
subject100,0
subject100,0
subject100,0
subject100,0
subject100,0
subject100,0
subject100,0
subject100,0
subject100,0
subject100,0
subject100,0
subject100,0
subject100,0
subject100,0
subject100,0
subject100,0
subject100,0
subject100,0
subject100,0
subject100,0
subject100,0
subject100,0
subject100,0
subject100,0
subject100,0
subject100,0
subject100,0
subject100,0
subject100,0
subject100,0
subject100,0
subject100,0
subject100,0
subject100,0
subject100,0
subject100,0
subject100,0
subject100,0
subject100,0
subject100,0
subject100,0
subject100,0
subject100,0
subject100,0
subject100,0
subject100,0
subject100,0
subject100,0
subject100,0
subject100,0
subject100,0
subject100,0
subject100,0
subject100,0
subject100,0
subject100,0
subject100,0
subject100,0
subject100,0
subject100,0
subject100,0
subject100,0
subject100,0
subject100,0
subject100,0
subject100,0
subject100,0
subject100,0
subject100,0
subject100,0
subject100,0
subject100,0
subject100,0
subject100,0
subject100,0
subject100,0
subject100,0
subject100,0
subject100,0
subject100,0
subject100,0
subject100,0
subject100,0
subject100,0
subject100,0
subject100,0
subject100,0
subject100,0
subject100,0
subject100,0
subject100,0
subject100,0
subject100,0
subject100,0
subject100,0
subject100,0
subject100,0
subject100,0
subject100,0
subject100,0
subject100,0
subject100,0
subject100,0
subject100,0
subject100,0
subject100,0
subject100,0
subject100,0
subject100,0
subject100,0
subject100,0
subject100,0
subject100,0
subject100,0
subject100,0
subject100,0
subject100,0
subject100,0
subject100,0
subject100,0
subject100,0
subject100,0
subject100,0
subject100,0
subject100,0
subject100,0
subject100,0
subject100,0
subject100,0
subject100,0
subject100,0
subject100,0
subject100,0
subject100,0
subject100,0
subject100,0
subject100,0
subject100,0
subject100,0
subject100,0
subject100,0
subject100,0
subject100,0
subject100,0
subject100,0
subject100,0
subject100,0
subject100,0
subject100,0
subject100,0
subject100,0
subject100,0
subject100,0
subject100,0
subject100,0
subject100,0
subject100,0
subject100,0
subject100,0
subject100,0
subject100,0
subject100,0
subject100,0
subject100,0
subject100,0
subject100,0
subject100,0
subject100,0
subject100,0
subject100,0
subject100,0
subject100,0
subject100,0
subject100,0
subject100,0
subject100,0
subject100,0
subject100,0
subject100,0
subject100,0
subject100,0
subject100,0
subject100,0
subject100,0
subject100,0
subject100,0
subject100,0
subject100,0
subject100,0
subject100,0
subject100,0
subject100,0
subject100,0
subject100,0
subject100,0
subject100,0
subject100,0
subject100,0
subject100,0
subject100,0
subject100,0
subject100,0
subject100,0
subject100,0
subject100,0
subject100,0
subject100,0
subject100,0
subject100,0
subject100,0
subject100,0
subject100,0
subject100,0
subject100,0
subject100,0
subject100,0
subject100,0
subject100,0
subject100,0
subject100,0
subject100,0
subject100,0
subject100,0
subject100,0
subject100,0
subject100,0
subject100,0
subject100,0
subject100,0
subject100,0
subject100,0
subject100,0
subject100,0
subject100,0
subject100,0
subject100,0
subject100,0
subject100,0
subject100,0
subject100,0
subject100,0
subject100,0
subject100,0
subject100,0
subject100,0
subject100,0
subject100,0
subject100,0
subject100,0
subject100,0
subject100,0
subject100,0
subject100,0
subject100,0
subject100,0
subject100,0
subject100,0
subject100,0
subject100,0
subject100,0
subject100,0
subject100,0
subject100,0
subject100,0
subject100,0
subject100,0
subject100,0
subject100,0
subject100,0
subject100,0
subject100,0
subject100,0
subject100,0
subject100,0
subject100,0
subject100,0
subject100,0
subject100,0
subject100,0
subject100,0
subject100,0
subject100,0
subject100,0
subject100,0
subject100,0
subject100,0
subject100,0
subject100,0
subject100,0
subject100,0
subject100,0
subject100,0
subject100,0
subject100,0
subject100,0
subject100,0
subject100,0
subject100,0
subject100,0
subject100,0
subject100,0
subject100,0
subject100,0
subject100,0
subject100,0
subject100,0
subject100,0
subject100,0
subject100,0
subject100,0
subject100,0
subject100,0
subject100,0
subject100,0
subject100,0
subject100,0
subject100,0
subject100,0
subject100,0
subject100,0
subject100,0
subject100,0
subject100,0
subject100,0
subject100,0
subject100,0
subject100,0
subject100,0
subject100,0
subject100,0
subject100,0
subject100,0
subject100,0
subject100,0
subject100,0
subject100,0
subject100,0
subject100,0
subject100,0
subject100,0
subject100,0
subject100,0
subject100,0
subject100,0
subject100,0
subject100,0
subject100,0
subject100,0
subject100,0
subject100,0
subject100,0
subject100,0
subject100,0
subject100,0
subject100,0
subject100,0
subject100,0
subject100,0
subject100,0
subject100,0
subject100,0
subject100,0
subject100,0
subject100,0
subject100,0
subject100,0
subject100,0
subject100,0
subject100,0
subject100,0
subject100,0
subject100,0
subject100,0
subject100,0
subject100,0
subject100,0
subject100,0
subject100,0
subject100,0
subject100,0
subject100,0
subject100,0
subject100,0
subject100,0
subject100,0
subject100,0
subject100,0
subject100,0
subject100,0
subject100,0
subject100,0
subject100,0
subject100,0
subject100,0
subject100,0
subject100,0
subject100,0
subject100,0
subject100,0
subject100,0
subject100,0
subject100,0
subject100,0
subject100,0
subject100,0
subject100,0
subject100,0
subject100,0
subject100,0
subject100,0
subject100,0
subject100,0
subject100,0
subject100,0
subject100,0
subject100,0
subject100,0
subject100,0
subject100,0
subject100,0
subject100,0
subject100,0
subject100,0
subject100,0
subject100,0
subject100,0
subject100,0
subject100,0
subject100,0
subject100,0
subject100,0
subject100,0
subject100,0
subject100,0
subject100,0
subject100,0
subject100,0
subject100,0
subject100,0
subject100,0
subject100,0
subject100,0
subject100,0
subject100,0
subject100,0
subject100,0
subject100,0
subject100,0
subject100,0
subject100,0
subject100,0
subject100,0
subject100,0
subject100,0
subject100,0
subject100,0
subject100,0
subject100,0
subject100,0
subject100,0
subject100,0
subject100,0
subject100,0
subject100,0
subject100,0
subject100,0
subject100,0
subject100,0
subject100,0
subject100,0
subject100,0
subject100,0
subject100,0
subject100,0
subject100,0
subject100,0
subject100,0
subject100,0
subject100,0
subject100,0
subject100,0
subject100,0
subject100,0
subject100,0
subject100,0
subject100,0
subject100,0
subject100,0
subject100,0
subject100,0
subject100,0
subject100,0
subject100,0
subject100,0
subject100,0
subject100,0
subject100,0
subject100,0
subject100,0
subject100,0
subject100,0
subject100,0
subject100,0
subject100,0
subject100,0
subject100,0
subject100,0
subject100,0
subject100,0
subject100,0
subject100,0
subject100,0
subject100,0
subject100,0
subject100,0
subject100,0
subject100,0
subject100,0
subject100,0
subject100,0
subject100,0
subject100,0
subject100,0
subject100,0
subject100,0
subject100,0
subject100,0
subject100,0
subject100,0
subject100,0
subject100,0
subject100,0
subject100,0
subject100,0
subject100,0
subject100,0
subject100,0
subject100,0
subject100,0
subject100,0
subject100,0
subject100,0
subject100,0
subject100,0
subject100,0
subject100,0
subject100,0
subject100,0
subject100,0
subject100,0
subject100,0
subject100,0
subject100,0
subject100,0
subject100,0
subject100,0
subject100,0
subject100,0
subject100,0
subject100,0
subject100,0
subject100,0
subject100,0
subject100,0
subject100,0
subject100,0
subject100,0
subject100,0
subject100,0
subject100,0
subject100,0
subject100,0
subject100,0
subject100,0
subject100,0
subject100,0
subject100,0
subject100,0
subject100,0
subject100,0
subject100,0
subject100,0
subject100,0
subject100,0
subject100,0
subject100,0
subject100,0
subject100,0
subject100,0
subject100,0
subject100,0
subject100,0
subject100,0
subject100,0
subject100,0
subject100,0
subject100,0
subject100,0
subject100,0
subject100,0
subject100,0
subject100,0
subject100,0
subject100,0
subject100,0
subject100,0
subject100,0
subject100,0
subject100,0
subject100,0
subject100,0
subject100,0
subject100,0
subject100,0
subject100,0
subject100,0
subject100,0
subject100,0
subject100,0
subject100,0
subject100,0
subject100,0
subject100,0
subject100,0
subject100,0
subject100,0
subject100,0
subject100,0
subject100,0
subject100,0
subject100,0
subject100,0
subject100,0
subject100,0
subject100,0
subject100,0
subject100,0
subject100,0
subject100,0
subject100,0
subject100,0
subject100,0
subject100,0
subject100,0
subject100,0
subject100,0
subject100,0
subject100,0
subject100,0
subject100,0
subject100,0
subject100,0
subject100,0
subject100,0
subject100,0
subject100,0
subject100,0
subject100,0
subject100,0
subject100,0
subject100,0
subject100,0
subject100,0
subject100,0
subject100,0
subject100,0
subject100,0
subject100,0
subject100,0
subject100,0
subject100,0
subject100,0
subject100,0
subject100,0
subject100,0
subject100,0
subject100,0
subject100,0
subject100,0
subject100,0
subject100,0
subject100,0
subject100,0
subject100,0
subject100,0
subject100,0
subject100,0
subject100,0
subject100,0
subject100,0
subject100,0
subject100,0
subject100,0
subject100,0
subject100,0
subject100,0
subject100,0
subject100,0
subject100,0
subject100,0
subject100,0
subject100,0
subject100,0
subject100,0
subject100,0
subject100,0
subject100,0
subject100,0
subject100,0
subject100,0
subject100,0
subject100,0
subject100,0
subject100,0
subject100,0
subject100,0
subject100,0
subject100,0
subject100,0
subject100,0
subject100,0
subject100,0
subject100,0
subject100,0
subject100,0
subject100,0
subject100,0
subject100,0
subject100,0
subject100,0
subject100,0
subject100,0
subject100,0
subject100,0
subject100,0
subject100,0
subject100,0
subject100,0
subject100,0
subject100,0
subject100,0
subject100,0
subject100,0
subject100,0
subject100,0
subject100,0
subject100,0
subject100,0
subject100,0
subject100,0
subject100,0
subject100,0
subject100,0
subject100,0
subject100,0
subject100,0
subject100,0
subject100,0
subject100,0
subject100,0
subject100,0
subject100,0
subject100,0
subject100,0
subject100,0
subject100,0
subject100,0
subject100,0
subject100,0
subject100,0
subject100,0
subject100,0
subject100,0
subject100,0
subject100,0
subject100,0
subject100,0
subject100,0
subject100,0
subject100,0
subject100,0
subject100,0
subject100,0
subject100,0
subject100,0
subject100,0
subject100,0
subject100,0
subject100,0
subject100,0
subject100,0
subject100,0
subject100,0
subject100,0
subject100,0
subject100,0
subject100,0
subject100,0
subject100,0
subject100,0
subject100,0
subject100,0
subject100,0
subject100,0
subject100,0
subject100,0
subject100,0
subject100,0
subject100,0
subject100,0
subject100,0
subject100,0
subject100,0
subject100,0
subject100,0
subject100,0
subject100,0
subject100,0
subject100,0
subject100,0
subject100,0
subject100,0
subject100,0
subject100,0
subject100,0
subject100,0
subject100,0
subject100,0
subject100,0
subject100,0
subject100,0
subject100,0
subject100,0
subject100,0
subject100,0
subject100,0
subject100,0
subject100,0
subject100,0
subject100,0
subject100,0
subject100,0
subject100,0
subject100,0
subject100,0
subject100,0
subject100,0
subject100,0
subject100,0
subject100,0
subject100,0
subject100,0
subject100,0
subject100,0
subject100,0
subject100,0
subject100,0
subject100,0
subject100,0
subject100,0
subject100,0
subject100,0
subject100,0
subject100,0
subject100,0
subject100,0
subject100,0
subject100,0
subject100,0
subject100,0
subject100,0
subject100,0
subject100,0
subject100,0
subject100,0
subject100,0
subject100,0
subject100,0
subject100,0
subject100,0
subject100,0
subject100,0
subject100,0
subject100,0
subject100,0
subject100,0
subject100,0
subject100,0
subject100,0
subject100,0
subject100,0
subject100,0
subject100,0
subject100,0
subject100,0
subject100,0
subject100,0
subject100,0
subject100,0
subject100,0
subject100,0
subject100,0
subject100,0
subject100,0
subject100,0
subject100,0
subject100,0
subject100,0
subject100,0
subject100,0
subject1006,0
subject1006,0
subject1006,0
subject1006,0
subject1006,0
subject1006,0
subject1006,0
subject1006,0
subject1006,0
subject1006,0
subject1006,0
subject1006,0
subject1006,0
subject1006,0
subject1006,0
subject1006,0
subject1006,0
subject1006,0
subject1006,0
subject1006,0
subject1006,0
subject1006,0
subject1006,0
subject1006,0
subject1006,0
subject1006,0
subject1006,0
subject1006,0
subject1006,0
subject1006,0
subject1006,0
subject1006,0
subject1006,0
subject1006,0
subject1006,0
subject1006,0
subject1006,0
subject1006,0
subject1006,0
subject1006,0
subject1011,0
subject1011,0
subject1011,0
subject1011,0
subject1011,0
subject1011,0
subject1011,0
subject1011,0
subject1011,0
subject1011,0
subject1011,0
subject1011,0
subject1011,0
subject1011,0
subject1011,0
subject1011,0
subject1011,0
subject1011,0
subject1011,0
subject1011,0
subject1011,0
subject1011,0
subject1011,0
subject1011,0
subject1011,0
subject1011,0
subject1011,0
subject1011,0
subject1011,0
subject1011,0
subject1011,0
subject1011,0
subject1011,0
subject1011,0
subject1011,0
subject1011,0
subject1011,0
subject1011,0
subject1011,0
subject1011,0
subject1011,0
subject1011,0
subject1011,0
subject1011,0
subject1011,0
subject1011,0
subject1011,0
subject1011,0
subject1011,0
subject1011,0
subject1011,0
subject1011,0
subject1011,0
subject1011,0
subject1011,0
subject1011,0
subject1011,0
subject1011,0
subject1011,0
subject1011,0
subject1011,0
subject1011,0
subject1011,0
subject1011,0
subject1011,0
subject1011,0
subject1011,0
subject1011,0
subject1011,0
subject1011,0
subject1011,0
subject1011,0
subject1011,0
subject1011,0
subject1011,0
subject1011,0
subject1011,0
subject1011,0
subject1011,0
subject1011,0
subject1011,0
subject1011,0
subject1011,0
subject1011,0
subject1011,0
subject1011,0
subject1011,0
subject1011,0
subject1011,0
subject1011,0
subject1011,0
subject1011,0
subject1011,0
subject1011,0
subject1011,0
subject1011,0
subject1011,0
subject1011,0
subject1011,0
subject1011,0
subject1011,0
subject1011,0
subject1011,0
subject1011,0
subject1011,0
subject1011,0
subject1011,0
subject1011,0
subject1011,0
subject1011,0
subject1011,0
subject1011,0
subject1011,0
subject1011,0
subject1011,0
subject1011,0
subject1011,0
subject1011,0
subject1011,0
subject1011,0
subject1011,0
subject1011,0
subject1011,0
subject1011,0
subject1011,0
subject1011,0
subject1011,0
subject1011,0
subject1011,0
subject1011,0
subject1011,0
subject1011,0
subject1011,0
subject1011,0
subject1011,0
subject1011,0
subject1011,0
subject1011,0
subject1011,0
subject1011,0
subject1011,0
subject1011,0
subject1011,0
subject1011,0
subject1011,0
subject1011,0
subject1011,0
subject1011,0
subject1011,0
subject1011,0
subject1011,0
subject1011,0
subject1011,0
subject1011,0
subject1011,0
subject1011,0
subject1011,0
subject1011,0
subject1011,0
subject1011,0
subject1011,0
subject1011,0
subject1011,0
subject1011,0
subject1011,0
subject1011,0
subject1011,0
subject1011,0
subject1011,0
subject1011,0
subject1011,0
subject1011,0
subject1011,0
subject1011,0
subject1011,0
subject1011,0
subject1011,0
subject1011,0
subject1011,0
subject1011,0
subject1011,0
subject1011,0
subject1011,0
subject1011,0
subject1011,0
subject1011,0
subject1011,0
subject1011,0
subject1011,0
subject1011,0
subject1011,0
subject1011,0
subject1011,0
subject1011,0
subject1011,0
subject1011,0
subject1011,0
subject1011,0
subject1011,0
subject1011,0
subject1011,0
subject1011,0
subject1011,0
subject1011,0
subject1011,0
subject1011,0
subject1011,0
subject1011,0
subject1011,0
subject1011,0
subject1011,0
subject1011,0
subject1011,0
subject1011,0
subject1011,0
subject1011,0
subject1011,0
subject1011,0
subject1011,0
subject1011,0
subject1011,0
subject1011,0
subject1011,0
subject1011,0
subject1011,0
subject1011,0
subject1011,0
subject1011,0
subject1011,0
subject1011,0
subject1011,0
subject1011,0
subject1011,0
subject1011,0
subject1011,0
subject1011,0
subject1011,0
subject1011,0
subject1011,0
subject1011,0
subject1011,0
subject1011,0
subject1011,0
subject1011,0
subject1011,0
subject1011,0
subject1011,0
subject1011,0
subject1011,0
subject1011,0
subject1011,0
subject1011,0
subject1011,0
subject1011,0
subject1011,0
subject1011,0
subject1011,0
subject1011,0
subject1011,0
subject1011,0
subject1011,0
subject1011,0
subject1011,0
subject1011,0
subject1011,0
subject1011,0
subject1011,0
subject1011,0
subject1011,0
subject1011,0
subject1011,0
subject1011,0
subject1011,0
subject1011,0
subject1011,0
subject1011,0
subject1011,0
subject1011,0
subject1011,0
subject1011,0
subject1011,0
subject1011,0
subject1011,0
subject1011,0
subject1011,0
subject1011,0
subject1011,0
subject1011,0
subject1011,0
subject1011,0
subject1011,0
subject1011,0
subject1011,0
subject1011,0
subject1011,0
subject1011,0
subject1011,0
subject1011,0
subject1011,0
subject1011,0
subject1011,0
subject1011,0
subject1011,0
subject1011,0
subject1011,0
subject1011,0
subject1011,0
subject1011,0
subject1011,0
subject1011,0
subject1011,0
subject1011,0
subject1011,0
subject1011,0
subject1011,0
subject1011,0
subject1011,0
subject1011,0
subject1011,0
subject1011,0
subject1011,0
subject1011,0
subject1011,0
subject1011,0
subject1011,0
subject1011,0
subject1011,0
subject1011,0
subject1011,0
subject1011,0
subject1011,0
subject1011,0
subject1011,0
subject1011,0
subject1011,0
subject1011,0
subject1011,0
subject1011,0
subject1011,0
subject1011,0
subject1011,0
subject1011,0
subject1011,0
subject1011,0
subject1011,0
subject1011,0
subject1011,0
subject1011,0
subject1011,0
subject1011,0
subject1011,0
subject1011,0
subject1011,0
subject1011,0
subject1011,0
subject1011,0
subject1011,0
subject1011,0
subject1011,0
subject1011,0
subject1011,0
subject1011,0
subject1011,0
subject1011,0
subject1011,0
subject1011,0
subject1011,0
subject1011,0
subject1011,0
subject1011,0
subject1011,0
subject1011,0
subject1011,0
subject1011,0
subject1011,0
subject1011,0
subject1011,0
subject1011,0
subject1011,0
subject1011,0
subject1011,0
subject1011,0
subject1011,0
subject1011,0
subject1011,0
subject1011,0
subject1011,0
subject1011,0
subject1011,0
subject1011,0
subject1011,0
subject1011,0
subject1011,0
subject1011,0
subject1011,0
subject1011,0
subject1011,0
subject1011,0
subject1011,0
subject1011,0
subject1011,0
subject1011,0
subject1011,0
subject1011,0
subject1011,0
subject1011,0
subject1011,0
subject1011,0
subject1011,0
subject1011,0
subject1011,0
subject1011,0
subject1011,0
subject1011,0
subject1011,0
subject1011,0
subject1011,0
subject1011,0
subject1011,0
subject1011,0
subject1011,0
subject1011,0
subject1011,0
subject1011,0
subject1011,0
subject1011,0
subject1011,0
subject1011,0
subject1011,0
subject1011,0
subject1011,0
subject1011,0
subject1011,0
subject1011,0
subject1011,0
subject1011,0
subject1011,0
subject1011,0
subject1011,0
subject1011,0
subject1011,0
subject1011,0
subject1011,0
subject1011,0
subject1011,0
subject1011,0
subject1011,0
subject1011,0
subject1011,0
subject1011,0
subject1011,0
subject1011,0
subject1011,0
subject1011,0
subject1011,0
subject1011,0
subject1011,0
subject1011,0
subject1011,0
subject1011,0
subject1011,0
subject1011,0
subject1011,0
subject1011,0
subject1011,0
subject1011,0
subject1011,0
subject1011,0
subject1011,0
subject1011,0
subject1011,0
subject1011,0
subject1011,0
subject1011,0
subject1011,0
subject1011,0
subject1011,0
subject1011,0
subject1011,0
subject1011,0
subject1011,0
subject1011,0
subject1011,0
subject1011,0
subject1011,0
subject1011,0
subject1011,0
subject1011,0
subject1011,0
subject1011,0
subject1011,0
subject1011,0
subject1011,0
subject1011,0
subject1011,0
subject1011,0
subject1011,0
subject1011,0
subject1011,0
subject1011,0
subject1011,0
subject1011,0
subject1011,0
subject1011,0
subject1011,0
subject1011,0
subject1011,0
subject1011,0
subject1011,0
subject1011,0
subject1011,0
subject1011,0
subject1011,0
subject1011,0
subject1011,0
subject1011,0
subject1011,0
subject1011,0
subject1011,0
subject1011,0
subject1011,0
subject1011,0
subject1011,0
subject1011,0
subject1011,0
subject1011,0
subject1011,0
subject1011,0
subject1011,0
subject1011,0
subject1011,0
subject1011,0
subject1011,0
subject1011,0
subject1011,0
subject1011,0
subject1011,0
subject1011,0
subject1011,0
subject1011,0
subject1011,0
subject1011,0
subject1011,0
subject1011,0
subject1011,0
subject1011,0
subject1011,0
subject1011,0
subject1011,0
subject1011,0
subject1011,0
subject1011,0
subject1011,0
subject1011,0
subject1011,0
subject1011,0
subject1011,0
subject1011,0
subject1011,0
subject1011,0
subject1011,0
subject1011,0
subject1011,0
subject1011,0
subject1011,0
subject1011,0
subject1011,0
subject1011,0
subject1011,0
subject1011,0
subject1011,0
subject1011,0
subject1011,0
subject1011,0
subject1011,0
subject1011,0
subject1011,0
subject1011,0
subject1011,0
subject1011,0
subject1011,0
subject1011,0
subject1011,0
subject1011,0
subject1011,0
subject1011,0
subject1011,0
subject1011,0
subject1011,0
subject1011,0
subject1011,0
subject1011,0
subject1011,0
subject1011,0
subject1011,0
subject1011,0
subject1011,0
subject1011,0
subject1011,0
subject1011,0
subject1011,0
subject1011,0
subject1011,0
subject1011,0
subject1011,0
subject1011,0
subject1011,0
subject1011,0
subject1011,0
subject1011,0
subject1011,0
subject1011,0
subject1011,0
subject1011,0
subject1011,0
subject1011,0
subject1011,0
subject1011,0
subject1011,0
subject1011,0
subject1011,0
subject1011,0
subject1011,0
subject1011,0
subject1011,0
subject1011,0
subject1011,0
subject1011,0
subject1011,0
subject1011,0
subject1011,0
subject1011,0
subject1011,0
subject1011,0
subject1011,0
subject1011,0
subject1011,0
subject1011,0
subject1011,0
subject1011,0
subject1011,0
subject1011,0
subject1011,0
subject1011,0
subject1011,0
subject1011,0
subject1011,0
subject1011,0
subject1011,0
subject1011,0
subject1011,0
subject1011,0
subject1011,0
subject1011,0
subject1011,0
subject1011,0
subject1011,0
subject1011,0
subject1011,0
subject1011,0
subject1011,0
subject1011,0
subject1011,0
subject1011,0
subject1011,0
subject1011,0
subject1011,0
subject1011,0
subject1011,0
subject1011,0
subject1011,0
subject1011,0
subject1011,0
subject1011,0
subject1011,0
subject1011,0
subject1011,0
subject1011,0
subject1011,0
subject1011,0
subject1011,0
subject1011,0
subject1011,0
subject1011,0
subject1011,0
subject1011,0
subject1011,0
subject1011,0
subject1011,0
subject1011,0
subject1011,0
subject1011,0
subject1011,0
subject1011,0
subject1011,0
subject1011,0
subject1011,0
subject1011,0
subject1011,0
subject1011,0
subject1011,0
subject1011,0
subject1011,0
subject1011,0
subject1011,0
subject1011,0
subject1011,0
subject1011,0
subject1011,0
subject1011,0
subject1011,0
subject1011,0
subject1011,0
subject1011,0
subject1011,0
subject1011,0
subject1011,0
subject1011,0
subject1011,0
subject1011,0
subject1011,0
subject1011,0
subject1011,0
subject1011,0
subject1011,0
subject1011,0
subject1011,0
subject1011,0
subject1011,0
subject1011,0
subject1011,0
subject1011,0
subject1011,0
subject1011,0
subject1011,0
subject1011,0
subject1011,0
subject1011,0
subject1011,0
subject1011,0
subject1011,0
subject1011,0
subject1011,0
subject1011,0
subject1011,0
subject1011,0
subject1011,0
subject1011,0
subject1011,0
subject1011,0
subject1011,0
subject1011,0
subject1011,0
subject1011,0
subject1011,0
subject1011,0
subject1011,0
subject1011,0
subject1011,0
subject1011,0
subject1011,0
subject1011,0
subject1011,0
subject1011,0
subject1011,0
subject1011,0
subject1011,0
subject1011,0
subject1011,0
subject1011,0
subject1011,0
subject1011,0
subject1011,0
subject1011,0
subject1011,0
subject1011,0
subject1011,0
subject1011,0
subject1011,0
subject1011,0
subject1011,0
subject1011,0
subject1011,0
subject1011,0
subject1011,0
subject1011,0
subject1011,0
subject1011,0
subject1011,0
subject1011,0
subject1011,0
subject1011,0
subject1011,0
subject1011,0
subject1011,0
subject1011,0
subject1011,0
subject1011,0
subject1011,0
subject1011,0
subject1011,0
subject1011,0
subject1011,0
subject1011,0
subject1011,0
subject1011,0
subject1011,0
subject1011,0
subject1011,0
subject1011,0
subject1011,0
subject1011,0
subject1011,0
subject1011,0
subject1011,0
subject1011,0
subject1011,0
subject1011,0
subject1011,0
subject1011,0
subject1011,0
subject1011,0
subject1011,0
subject1011,0
subject1011,0
subject1011,0
subject1011,0
subject1011,0
subject1011,0
subject1011,0
subject1011,0
subject1011,0
subject1011,0
subject1011,0
subject1011,0
subject1011,0
subject1011,0
subject1011,0
subject1011,0
subject1011,0
subject1011,0
subject1011,0
subject1011,0
subject1011,0
subject1011,0
subject1011,0
subject1011,0
subject1011,0
subject1011,0
subject1011,0
subject1011,0
subject1011,0
subject1011,0
subject1011,0
subject1011,0
subject1011,0
subject1011,0
subject1011,0
subject1011,0
subject1011,0
subject1011,0
subject1011,0
subject1011,0
subject1011,0
subject1011,0
subject1011,0
subject1011,0
subject1011,0
subject1011,0
subject1011,0
subject1011,0
subject1011,0
subject1011,0
subject1011,0
subject1011,0
subject1011,0
subject1011,0
subject1011,0
subject1011,0
subject1011,0
subject1011,0
subject1011,0
subject1011,0
subject1011,0
subject1011,0
subject1011,0
subject1011,0
subject1011,0
subject1011,0
subject1011,0
subject1011,0
subject1011,0
subject1011,0
subject1011,0
subject1011,0
subject1011,0
subject1011,0
subject1011,0
subject1011,0
subject1011,0
subject1011,0
subject1011,0
subject1011,0
subject1011,0
subject1011,0
subject1011,0
subject1011,0
subject1011,0
subject1011,0
subject1011,0
subject1011,0
subject1011,0
subject1011,0
subject1011,0
subject1011,0
subject1011,0
subject1019,0
subject1019,0
subject1019,0
subject1019,0
subject1019,0
subject1019,0
subject1019,0
subject1019,0
subject1019,0
subject1019,0
subject1019,0
subject1019,0
subject1019,0
subject1019,0
subject1019,0
subject1019,0
subject1019,0
subject1019,0
subject1019,0
subject1019,0
subject1019,0
subject1019,0
subject1019,0
subject1019,0
subject1019,0
subject1019,0
subject1019,0
subject1019,0
subject1019,0
subject1019,0
subject1019,0
subject1019,0
subject1019,0
subject1019,0
subject1019,0
subject1019,0
subject1019,0
subject1019,0
subject1019,0
subject1019,0
subject1019,0
subject1019,0
subject1019,0
subject1019,0
subject1019,0
subject1019,0
subject1019,0
subject1019,0
subject1019,0
subject1019,0
subject1019,0
subject1019,0
subject1019,0
subject1019,0
subject1019,0
subject1019,0
subject1019,0
subject1019,0
subject1019,0
subject1019,0
subject1019,0
subject1019,0
subject1019,0
subject1019,0
subject1019,0
subject1019,0
subject1019,0
subject1019,0
subject1019,0
